id,firstName,lastName,phone,position,gender,dateMember
20221293,rith,tola,056827686,Developer,Other,2025-06-16
20221294,Tc,sey,0881234975,HR,Female,2025-06-16
20221295,tola,rith,096874867,Developer,Male,2025-06-16
20221296,AAA,aaa,0875327676,Tester,Male,2025-06-16
20221297,BBB,bbb,0258746276786,Tester,Female,2025-06-16
20221292,CCC,ccc,03465283,Tester,Female,2025-06-16
20221298,DDD,ddd,04572363786,Developer,Male,2025-06-16
20221299,EEE,eee,034752985,Tester,Female,2025-06-16
20221300,FFF,fff,06582767,Tester,Male,2025-06-16
20221301,GGG,ggg,065276766,Tester,Male,2025-06-16
20221302,HHH,hhh,08456658,Tester,Male,2025-06-16
20221303,III,iii,0462462765,Tester,Female,2025-06-16
1,Apple,Apple,001,Tester,Other,2025-06-16
2,Banana,Banana,002,Tester,Other,2025-06-16
3,Orange,orange,003,Tester,Other,2025-06-16
4,Na,Maradet,048575782,Designer,Male,2025-06-16
2022,Test,test,0459827556,Tester,Other,2025-06-20
231875,Hello,hello,8523965239,Designer,Male,2025-06-20
12345,Sithuon,Phoeurn,097211134,Developer,Female,2025-06-20
55601,Dog,dog,1234567,Developer,Male,2025-06-20
1234567890,Town,Road,044357275,Developer,Female,2025-06-20
5,Rorng,Mengthea,0965741588,Designer,Male,2025-06-26
